curr state value,temperature,mean threshold worse acceptance
72.918808,56.000000,0.747665
395.963531,33.074502,0.798466
253.590225,26.684300,0.520622
393.545227,23.467348,0.378856
