{
    "interval[min]": 60,
    "pair": {
        "base": "ETH",
        "quote": "USDT"
    },
    "results": [
        {
            "configuration": {
                "levels": [
                    0.7900000214576721,
                    0.7200000286102295,
                    0.6499999761581421
                ],
                "moving average:": {
                    "period": 20,
                    "type": "ema"
                },
                "open sizes": [
                    0.0833333358168602,
                    0.1666666716337204,
                    0.75
                ]
            },
            "statistics": {
                "close balance": {
                    "max": 20973.826171875,
                    "max drawdown": {
                        "amount": 0.0,
                        "percent": 0.0
                    },
                    "max run up": {
                        "amount": 10973.826171875,
                        "percent": 109.73826599121094
                    },
                    "min": 10000.0
                },
                "equity": {
                    "max": 20884.62890625,
                    "max drawdown": {
                        "amount": -3025.7138671875,
                        "percent": -19.97188949584961
                    },
                    "max run up": {
                        "amount": 11205.705078125,
                        "percent": 115.77428436279297
                    },
                    "min": 9678.923828125
                },
                "gross loss": 0.0,
                "gross profit": 10973.82421875,
                "net profit": 10973.82421875,
                "order ratio": 2.25,
                "profit factor": -1.797693134862316e+308,
                "pt ratio": 1.797693134862316e+308,
                "total close orders": 4,
                "total open orders": 9
            }
        },
        {
            "configuration": {
                "levels": [
                    0.7900000214576721,
                    0.7200000286102295,
                    0.6499999761581421
                ],
                "moving average:": {
                    "period": 20,
                    "type": "ema"
                },
                "open sizes": [
                    0.25,
                    0.5,
                    0.25
                ]
            },
            "statistics": {
                "close balance": {
                    "max": 18335.66796875,
                    "max drawdown": {
                        "amount": 0.0,
                        "percent": 0.0
                    },
                    "max run up": {
                        "amount": 8335.66796875,
                        "percent": 83.35668182373047
                    },
                    "min": 10000.0
                },
                "equity": {
                    "max": 18257.693359375,
                    "max drawdown": {
                        "amount": -4379.861328125,
                        "percent": -32.33491897583008
                    },
                    "max run up": {
                        "amount": 9092.255859375,
                        "percent": 99.20154571533203
                    },
                    "min": 9165.4375
                },
                "gross loss": 0.0,
                "gross profit": 8335.669921875,
                "net profit": 8335.669921875,
                "order ratio": 2.25,
                "profit factor": -1.797693134862316e+308,
                "pt ratio": 1.797693134862316e+308,
                "total close orders": 4,
                "total open orders": 9
            }
        },
        {
            "configuration": {
                "levels": [
                    0.7900000214576721,
                    0.7200000286102295,
                    0.6499999761581421
                ],
                "moving average:": {
                    "period": 20,
                    "type": "ema"
                },
                "open sizes": [
                    0.0833333358168602,
                    0.3333333432674408,
                    0.5833333134651184
                ]
            },
            "statistics": {
                "close balance": {
                    "max": 20519.607421875,
                    "max drawdown": {
                        "amount": 0.0,
                        "percent": 0.0
                    },
                    "max run up": {
                        "amount": 10519.607421875,
                        "percent": 105.19607543945313
                    },
                    "min": 10000.0
                },
                "equity": {
                    "max": 20432.34375,
                    "max drawdown": {
                        "amount": -3017.287109375,
                        "percent": -19.971893310546875
                    },
                    "max run up": {
                        "amount": 10780.37890625,
                        "percent": 111.69102478027344
                    },
                    "min": 9651.96484375
                },
                "gross loss": 0.0,
                "gross profit": 10519.60546875,
                "net profit": 10519.60546875,
                "order ratio": 2.25,
                "profit factor": -1.797693134862316e+308,
                "pt ratio": 1.797693134862316e+308,
                "total close orders": 4,
                "total open orders": 9
            }
        },
        {
            "configuration": {
                "levels": [
                    0.7900000214576721,
                    0.7200000286102295,
                    0.6499999761581421
                ],
                "moving average:": {
                    "period": 20,
                    "type": "ema"
                },
                "open sizes": [
                    0.0833333358168602,
                    0.25,
                    0.6666666865348816
                ]
            },
            "statistics": {
                "close balance": {
                    "max": 20763.466796875,
                    "max drawdown": {
                        "amount": 0.0,
                        "percent": 0.0
                    },
                    "max run up": {
                        "amount": 10763.466796875,
                        "percent": 107.63465881347656
                    },
                    "min": 10000.0
                },
                "equity": {
                    "max": 20675.16796875,
                    "max drawdown": {
                        "amount": -3023.98046875,
                        "percent": -19.971891403198242
                    },
                    "max run up": {
                        "amount": 11001.7900390625,
                        "percent": 113.73265838623047
                    },
                    "min": 9673.3779296875
                },
                "gross loss": 0.0,
                "gross profit": 10763.466796875,
                "net profit": 10763.466796875,
                "order ratio": 2.25,
                "profit factor": -1.797693134862316e+308,
                "pt ratio": 1.797693134862316e+308,
                "total close orders": 4,
                "total open orders": 9
            }
        },
        {
            "configuration": {
                "levels": [
                    0.7900000214576721,
                    0.7200000286102295,
                    0.6499999761581421
                ],
                "moving average:": {
                    "period": 20,
                    "type": "ema"
                },
                "open sizes": [
                    0.0833333358168602,
                    0.75,
                    0.1666666716337204
                ]
            },
            "statistics": {
                "close balance": {
                    "max": 18831.802734375,