{
    "interval[min]": 60,
    "pair": {
        "base": "ETH",
        "quote": "USDT"
    },
    "results": [
        {
            "configuration": {
                "levels": [
                    0.7200000286102295,
                    0.6499999761581421,
                    0.5099999904632568
                ],
                "moving average:": {
                    "period": 45,
                    "type": "sma"
                },
                "open sizes": [
                    0.0833333358168602,
                    0.4166666567325592,
                    0.5
                ]
            },
            "statistics": {
                "close balance": {
                    "max": 17560.63671875,
                    "max drawdown": {
                        "amount": 0.0,
                        "percent": 0.0
                    },
                    "max run up": {
                        "amount": 7560.63671875,
                        "percent": 75.60636901855469
                    },
                    "min": 10000.0
                },
                "equity": {
                    "max": 17753.046875,
                    "max drawdown": {
                        "amount": -2981.9775390625,
                        "percent": -19.971887588500977
                    },
                    "max run up": {
                        "amount": 8214.0302734375,
                        "percent": 86.10981750488281
                    },
                    "min": 9539.0166015625
                },
                "gross loss": 0.0,
                "gross profit": 7560.634765625,
                "net profit": 7560.634765625,
                "order ratio": 2.3333333333333335,
                "profit factor": -1.797693134862316e+308,
                "pt ratio": 1.797693134862316e+308,
                "total close orders": 3,
                "total open orders": 7
            }
        },
        {
            "configuration": {
                "levels": [
                    0.7200000286102295,
                    0.6499999761581421,
                    0.5799999833106995
                ],
                "moving average:": {
                    "period": 45,
                    "type": "sma"
                },
                "open sizes": [
                    0.3333333432674408,
                    0.3333333432674408,
                    0.3333333432674408
                ]
            },
            "statistics": {
                "close balance": {
                    "max": 15751.869140625,
                    "max drawdown": {
                        "amount": 0.0,
                        "percent": 0.0
                    },
                    "max run up": {
                        "amount": 5751.869140625,
                        "percent": 57.51869201660156
                    },
                    "min": 10000.0
                },
                "equity": {
                    "max": 15967.328125,
                    "max drawdown": {
                        "amount": -3867.0625,
                        "percent": -31.454086303710938
                    },
                    "max run up": {
                        "amount": 7540.08203125,
                        "percent": 89.47266387939453
                    },
                    "min": 8427.24609375
                },
                "gross loss": 0.0,
                "gross profit": 5751.869140625,
                "net profit": 5751.869140625,
                "order ratio": 2.3333333333333335,
                "profit factor": -1.797693134862316e+308,
                "pt ratio": 1.797693134862316e+308,
                "total close orders": 3,
                "total open orders": 7
            }
        },
        {
            "configuration": {
                "levels": [
                    0.7200000286102295,
                    0.6499999761581421,
                    0.5099999904632568
                ],
                "moving average:": {
                    "period": 45,
                    "type": "sma"
                },
                "open sizes": [
                    0.25,
                    0.0833333358168602,
                    0.6666666865348816
                ]
            },
            "statistics": {
                "close balance": {
                    "max": 15710.90234375,
                    "max drawdown": {
                        "amount": 0.0,
                        "percent": 0.0
                    },
                    "max run up": {
                        "amount": 5710.90234375,
                        "percent": 57.10902404785156
                    },
                    "min": 10000.0
                },
                "equity": {
                    "max": 15825.7353515625,
                    "max drawdown": {
                        "amount": -2921.896484375,
                        "percent": -19.971887588500977
                    },
                    "max run up": {
                        "amount": 6478.9111328125,
                        "percent": 69.31671142578125
                    },
                    "min": 9346.82421875
                },
                "gross loss": 0.0,
                "gross profit": 5710.90234375,
                "net profit": 5710.90234375,
                "order ratio": 2.3333333333333335,
                "profit factor": -1.797693134862316e+308,
                "pt ratio": 1.797693134862316e+308,
                "total close orders": 3,
                "total open orders": 7
            }
        },
        {
            "configuration": {
                "levels": [
                    0.7200000286102295,
                    0.6499999761581421,
                    0.5099999904632568
                ],
                "moving average:": {
                    "period": 45,
                    "type": "sma"
                },
                "open sizes": [
                    0.1666666716337204,
                    0.25,
                    0.5833333134651184
                ]
            },
            "statistics": {
                "close balance": {
                    "max": 16639.791015625,
                    "max drawdown": {
                        "amount": 0.0,
                        "percent": 0.0
                    },
                    "max run up": {
                        "amount": 6639.791015625,
                        "percent": 66.39791107177734
                    },
                    "min": 10000.0
                },
                "equity": {
                    "max": 16793.140625,
                    "max drawdown": {
                        "amount": -2954.0166015625,
                        "percent": -19.97188949584961
                    },
                    "max run up": {
                        "amount": 7343.5693359375,
                        "percent": 77.7132568359375
                    },
                    "min": 9449.5712890625
                },
                "gross loss": 0.0,
                "gross profit": 6639.79052734375,
                "net profit": 6639.79052734375,
                "order ratio": 2.3333333333333335,
                "profit factor": -1.797693134862316e+308,
                "pt ratio": 1.797693134862316e+308,
                "total close orders": 3,
                "total open orders": 7
            }
        },
        {
            "configuration": {
                "levels": [
                    0.7200000286102295,
                    0.6499999761581421,
                    0.5799999833106995
                ],
                "moving average:": {
                    "period": 45,
                    "type": "sma"
                },
                "open sizes": [
                    0.1666666716337204,
                    0.4166666567325592,
                    0.4166666567325592
                ]
            },