time,close balance
1515024000,10000.000000
1515435960,11293.039062
1515657900,12439.297852
1516145220,12520.855469
1516208340,13887.589844
1517577000,15611.740234
1517863680,17446.072266
1517909700,18930.023438
1569430800,19460.650391
1584070080,19165.730469
1610403180,19418.419922
1614094980,20978.660156
1618763040,22473.343750
1621442520,25600.980469
1621487100,28146.949219
1621676160,30280.689453
1621800480,33476.039062
1631067600,36302.449219
1638629340,39498.609375
