{
    "interval[min]": 60,
    "pair": {
        "base": "ETH",
        "quote": "USDT"
    },
    "results": [
        {
            "configuration": {
                "levels": [
                    0.8600000143051147,
                    0.7900000214576721,
                    0.6499999761581421
                ],
                "moving average:": {
                    "period": 15,
                    "type": "ema"
                },
                "open sizes": [
                    0.8333333134651184,
                    0.0833333358168602,
                    0.0833333358168602
                ]
            },
            "statistics": {
                "close balance": {
                    "max": 88918.4453125,
                    "max drawdown": {
                        "amount": -2515.580078125,
                        "percent": -9.335943222045898
                    },
                    "max run up": {
                        "amount": 78918.4453125,
                        "percent": 789.1844482421875
                    },
                    "min": 10000.0
                },
                "equity": {
                    "max": 88772.171875,
                    "max drawdown": {
                        "amount": -13038.0859375,
                        "percent": -26.90070915222168
                    },
                    "max run up": {
                        "amount": 79350.3125,
                        "percent": 842.1940307617188
                    },
                    "min": 9421.8564453125
                },
                "gross loss": -3562.607421875,
                "gross profit": 82481.0703125,
                "net profit": 78918.4609375,
                "order ratio": 1.2,
                "profit factor": 23.15188217163086,
                "pt ratio": 31.37187385559082,
                "total close orders": 30,
                "total open orders": 36
            }
        },
        {
            "configuration": {
                "levels": [
                    0.8600000143051147,
                    0.7200000286102295,
                    0.6499999761581421
                ],
                "moving average:": {
                    "period": 15,
                    "type": "ema"
                },
                "open sizes": [
                    0.8333333134651184,
                    0.0833333358168602,
                    0.0833333358168602
                ]
            },
            "statistics": {
                "close balance": {
                    "max": 88653.4921875,
                    "max drawdown": {
                        "amount": -2315.189453125,
                        "percent": -8.743106842041016
                    },
                    "max run up": {
                        "amount": 78653.4921875,
                        "percent": 786.534912109375
                    },
                    "min": 10000.0
                },
                "equity": {
                    "max": 88507.6484375,
                    "max drawdown": {
                        "amount": -12618.796875,
                        "percent": -26.320648193359375
                    },
                    "max run up": {
                        "amount": 78998.5390625,
                        "percent": 830.7669067382813
                    },
                    "min": 9509.1103515625
                },
                "gross loss": -3444.4375,
                "gross profit": 82097.9140625,
                "net profit": 78653.4765625,
                "order ratio": 1.1333333333333333,
                "profit factor": 23.83492660522461,
                "pt ratio": 33.97280502319336,
                "total close orders": 30,
                "total open orders": 34
            }
        },
        {
            "configuration": {
                "levels": [
                    0.8600000143051147,
                    0.6499999761581421,
                    0.3700000047683716
                ],
                "moving average:": {
                    "period": 15,
                    "type": "ema"
                },
                "open sizes": [
                    0.8333333134651184,
                    0.0833333358168602,
                    0.0833333358168602
                ]
            },
            "statistics": {
                "close balance": {
                    "max": 86459.8046875,
                    "max drawdown": {
                        "amount": -2358.1484375,
                        "percent": -8.905338287353516
                    },
                    "max run up": {
                        "amount": 76459.8046875,
                        "percent": 764.5980224609375
                    },
                    "min": 10000.0
                },
                "equity": {
                    "max": 86317.5703125,
                    "max drawdown": {
                        "amount": -12167.703125,
                        "percent": -25.424945831298828
                    },
                    "max run up": {
                        "amount": 76808.4609375,
                        "percent": 807.7354736328125
                    },
                    "min": 9509.1103515625
                },
                "gross loss": -3485.8125,
                "gross profit": 79945.6171875,
                "net profit": 76459.8046875,
                "order ratio": 1.0666666666666667,
                "profit factor": 22.934572219848633,
                "pt ratio": 32.42366027832031,
                "total close orders": 30,
                "total open orders": 32
            }
        },
        {
            "configuration": {
                "levels": [
                    0.8600000143051147,
                    0.6499999761581421,
                    0.5799999833106995
                ],
                "moving average:": {
                    "period": 15,
                    "type": "ema"
                },
                "open sizes": [
                    0.8333333134651184,
                    0.0833333358168602,
                    0.0833333358168602
                ]
            },
            "statistics": {
                "close balance": {
                    "max": 86459.8046875,
                    "max drawdown": {
                        "amount": -2358.1484375,
                        "percent": -8.905338287353516
                    },
                    "max run up": {
                        "amount": 76459.8046875,
                        "percent": 764.5980224609375
                    },
                    "min": 10000.0
                },
                "equity": {
                    "max": 86317.5703125,
                    "max drawdown": {
                        "amount": -12167.703125,
                        "percent": -25.424945831298828
                    },
                    "max run up": {
                        "amount": 76808.4609375,
                        "percent": 807.7354736328125
                    },
                    "min": 9509.1103515625
                },
                "gross loss": -3485.8125,
                "gross profit": 79945.6171875,
                "net profit": 76459.8046875,
                "order ratio": 1.0666666666666667,
                "profit factor": 22.934572219848633,
                "pt ratio": 32.42366027832031,
                "total close orders": 30,
                "total open orders": 32
            }
        },
        {
            "configuration": {
                "levels": [
                    0.8600000143051147,
                    0.6499999761581421,
                    0.4399999976158142
                ],
                "moving average:": {
                    "period": 15,
                    "type": "ema"
                },